"","month","avg_mortgage_rate","avg_home_price","assumed_monthly_rent","monthly_mortgage_payment","monthly_fixed_expense","monthly_cost_of_owning","ownership_vs_renting_difference","ownership_vs_renting_status"
"1",Jan 1987,9.21833333333333,63735,424.9,470.583233558915,90.29125,560.874483558915,-135.974483558915,"Rent"
"2",Feb 1987,9.082,64134,427.56,467.842647767456,90.8565,558.699147767456,-131.139147767456,"Rent"
"3",Mar 1987,9.042,64470,429.8,468.620721910226,91.3325,559.953221910226,-130.153221910226,"Rent"
"4",Apr 1987,9.672,64973,433.153333333333,499.050328779218,92.0450833333334,591.095412112552,-157.942078779218,"Rent"
"5",May 1987,10.596,65547,436.98,543.864269982641,92.85825,636.722519982641,-199.742519982641,"Rent"
"6",Jun 1987,10.57,66218,441.453333333333,548.271190892078,93.8088333333333,642.080024225411,-200.626690892078,"Rent"
"7",Jul 1987,10.29,66785,445.233333333333,540.403242345578,94.6120833333333,635.015325678911,-189.781992345578,"Rent"
"8",Aug 1987,10.318,67269,448.46,545.581363931774,95.29775,640.879113931774,-192.419113931774,"Rent"
"9",Sep 1987,10.776,67623,450.82,569.313108347241,95.79925,665.112358347241,-214.292358347241,"Rent"
"10",Oct 1987,11.22,67902,452.68,592.1634977986,96.1945,688.3579977986,-235.6779977986,"Rent"
"11",Nov 1987,10.714,68092,453.946666666667,570.405746853852,96.4636666666667,666.869413520518,-212.922746853852,"Rent"
"12",Dec 1987,10.625,68343,455.62,568.40040745971,96.81925,665.21965745971,-209.59965745971,"Rent"
"13",Jan 1988,10.428,68581,457.206666666667,561.28379407747,97.1564166666667,658.440210744137,-201.23354407747,"Rent"
"14",Feb 1988,9.946,68914,459.426666666667,541.81937566521,97.6281666666667,639.447542331876,-180.02087566521,"Rent"
"15",Mar 1988,9.918,69323,462.153333333333,543.746258322478,98.2075833333334,641.953841655811,-179.800508322478,"Rent"
"16",Apr 1988,10.202,69788,465.253333333333,560.594130372703,98.8663333333333,659.460463706037,-194.207130372703,"Rent"
"17",May 1988,10.42,70408,469.386666666667,575.858056143916,99.7446666666667,675.602722810582,-206.216056143916,"Rent"
"18",Jun 1988,10.484,71068,473.786666666667,584.313258059236,100.679666666667,684.992924725902,-211.206258059236,"Rent"
"19",Jul 1988,10.432,71686,477.906666666667,586.888516635776,101.555166666667,688.443683302443,-210.537016635776,"Rent"
"20",Aug 1988,10.576,72186,481.24,597.976882833577,102.2635,700.240382833577,-219.000382833577,"Rent"
"21",Sep 1988,10.5116666666667,72574,483.826666666667,598.046393499889,102.813166666667,700.859560166556,-217.032893499889,"Rent"
"22",Oct 1988,10.326,72822,485.48,591.009071277004,103.1645,694.173571277004,-208.693571277004,"Rent"
"23",Nov 1988,10.256,73064,487.093333333333,589.548024825715,103.507333333333,693.055358159048,-205.962024825715,"Rent"
"24",Dec 1988,10.575,73278,488.52,606.973441503196,103.8105,710.783941503196,-222.263941503196,"Rent"
"25",Jan 1989,10.738,73617,490.78,617.883297211819,104.29075,722.174047211819,-231.394047211819,"Rent"
"26",Feb 1989,10.636,73967,493.113333333333,615.723573856957,104.786583333333,720.51015719029,-227.396823856957,"Rent"
"27",Mar 1989,10.99,74409,496.06,637.246906369867,105.41275,742.659656369867,-246.599656369867,"Rent"
"28",Apr 1989,11.078,74867,499.113333333333,645.652814552283,106.061583333333,751.714397885616,-252.601064552283,"Rent"
"29",May 1989,10.824,75295,501.966666666667,636.350824033536,106.667916666667,743.018740700202,-241.052074033536,"Rent"
"30",Jun 1989,10.2466666666667,75695,504.633333333333,610.304683968935,107.234583333333,717.539267302268,-212.905933968935,"Rent"
"31",Jul 1989,9.92,76041,506.94,596.540931398501,107.72475,704.265681398501,-197.325681398501,"Rent"
"32",Aug 1989,9.95,76271,508.473333333333,599.864622747259,108.050583333333,707.915206080592,-199.441872747259,"Rent"
"33",Sep 1989,10.126,76421,509.473333333333,609.997831014425,108.263083333333,718.260914347758,-208.787581014425,"Rent"
"34",Oct 1989,9.99,76488,509.92,603.604611585327,108.358,711.962611585327,-202.042611585327,"Rent"
"35",Nov 1989,9.778,76521,510.14,593.106817508364,108.40475,701.511567508364,-191.371567508364,"Rent"
"36",Dec 1989,9.744,76498,509.986666666667,591.209008001134,108.372166666667,699.5811746678,-189.594508001134,"Rent"
"37",Jan 1990,9.872,76527,510.18,597.91684081813,108.41325,706.33009081813,-196.15009081813,"Rent"
"38",Feb 1990,10.168,76587,510.58,613.469731837216,108.49825,721.967981837216,-211.387981837216,"Rent"
"39",Mar 1990,10.275,76790,511.933333333333,620.589338648469,108.785833333333,729.375171981803,-217.441838648469,"Rent"
"40",Apr 1990,10.34,77038,513.586666666667,625.948272946644,109.137166666667,735.085439613311,-221.498772946644,"Rent"
"41",May 1990,10.494,77297,515.313333333333,636.047386875249,109.504083333333,745.551470208583,-230.238136875249,"Rent"
"42",Jun 1990,10.164,77505,516.7,620.615997561191,109.79875,730.414747561191,-213.714747561191,"Rent"
"43",Jul 1990,10.058,77561,517.073333333333,615.581907672248,109.878083333333,725.459991005581,-208.386657672248,"Rent"
"44",Aug 1990,10.08,77479,516.526666666667,616.066627718173,109.761916666667,725.828544384839,-209.301877718173,"Rent"
"45",Sep 1990,10.188,77229,514.86,619.64386689736,109.40775,729.05161689736,-214.19161689736,"Rent"
"46",Oct 1990,10.186,76912,512.746666666667,616.997666495257,108.958666666667,725.956333161924,-213.209666495257,"Rent"
"47",Nov 1990,10.04,76381,509.206666666667,605.301083597095,108.206416666667,713.507500263762,-204.300833597095,"Rent"
"48",Dec 1990,9.718,75972,506.48,585.838955342448,107.627,693.465955342448,-186.985955342448,"Rent"
"49",Jan 1991,9.646,75533,503.553333333333,578.865544804846,107.005083333333,685.870628138179,-182.317294804846,"Rent"
"50",Feb 1991,9.365,75249,501.66,562.802370780715,106.60275,669.405120780715,-167.745120780715,"Rent"
"51",Mar 1991,9.5,75137,500.913333333333,568.613363083107,106.444083333333,675.057446416441,-174.144113083107,"Rent"
"52",Apr 1991,9.498,75315,502.1,569.861503144477,106.69625,676.557753144476,-174.457753144476,"Rent"
"53",May 1991,9.48166666666667,75768,505.12,572.476659206707,107.338,679.814659206707,-174.694659206707,"Rent"
"54",Jun 1991,9.582,76253,508.353333333333,581.169225106631,108.025083333333,689.194308439964,-180.840975106631,"Rent"
"55",Jul 1991,9.594,76518,510.12,583.79329586524,108.4005,692.19379586524,-182.07379586524,"Rent"
"56",Aug 1991,9.28666666666667,76594,510.626666666667,568.940604276969,108.508166666667,677.448770943636,-166.822104276969,"Rent"
"57",Sep 1991,9.036,76575,510.5,556.311902699549,108.48125,664.793152699549,-154.293152699549,"Rent"
"58",Oct 1991,8.868,76290,508.6,545.953217362226,108.0775,654.030717362226,-145.430717362226,"Rent"
"59",Nov 1991,8.712,76031,506.873333333333,536.466495482143,107.710583333333,644.177078815477,-137.303745482143,"Rent"
"60",Dec 1991,8.538,75844,505.626666666667,526.696663076867,107.445666666667,634.142329743533,-128.515663076867,"Rent"
"61",Jan 1992,8.41833333333333,75700,504.666666666667,519.922650485711,107.241666666667,627.164317152378,-122.497650485711,"Rent"
"62",Feb 1992,8.746,75655,504.366666666667,535.465862532497,107.177916666667,642.643779199164,-138.277112532497,"Rent"
"63",Mar 1992,8.914,75814,505.426666666667,544.798012351904,107.403166666667,652.201179018571,-146.774512351904,"Rent"
"64",Apr 1992,8.878,76080,507.2,544.941240944348,107.78,652.721240944348,-145.521240944348,"Rent"
"65",May 1992,8.672,76398,509.32,537.095151922513,108.2305,645.325651922513,-136.005651922513,"Rent"
"66",Jun 1992,8.528,76602,510.68,531.471469551283,108.5195,639.990969551283,-129.310969551283,"Rent"
"67",Jul 1992,8.17833333333333,76711,511.406666666667,515.199437514103,108.673916666667,623.87335418077,-112.466687514103,"Rent"
"68",Aug 1992,7.99,76732,511.546666666667,506.247669817978,108.703666666667,614.951336484645,-103.404669817978,"Rent"
"69",Sep 1992,7.94,76628,510.853333333333,503.160567179752,108.556333333333,611.716900513086,-100.863567179752,"Rent"
"70",Oct 1992,8.07666666666667,76598,510.653333333333,509.533386029274,108.513833333333,618.047219362608,-107.393886029274,"Rent"
"71",Nov 1992,8.286,76579,510.526666666667,519.526521826965,108.486916666667,628.013438493632,-117.486771826965,"Rent"
"72",Dec 1992,8.22,76464,509.76,515.552980496268,108.324,623.876980496268,-114.116980496268,"Rent"
"73",Jan 1993,8.022,76395,509.3,505.558377572706,108.22625,613.784627572706,-104.484627572706,"Rent"
"74",Feb 1993,7.718,76327,508.846666666667,490.616205200195,108.129916666667,598.746121866861,-89.8994552001946,"Rent"
"75",Mar 1993,7.502,76382,509.213333333333,480.76077177075,108.207833333333,588.968605104084,-79.7552717707503,"Rent"
"76",Apr 1993,7.47666666666667,76660,511.066666666667,481.314182702168,108.601666666667,589.915849368835,-78.849182702168,"Rent"
"77",May 1993,7.458,77030,513.533333333333,482.752189411067,109.125833333333,591.8780227444,-78.3446894110665,"Rent"
"78",Jun 1993,7.434,77516,516.773333333333,484.653787628181,109.814333333333,594.468120961514,-77.694787628181,"Rent"
"79",Jul 1993,7.22833333333333,77885,519.233333333333,477.151996902721,110.337083333333,587.489080236054,-68.2557469027208,"Rent"
"80",Aug 1993,7.14,78131,520.873333333333,474.456854800221,110.685583333333,585.142438133554,-64.2691048002208,"Rent"
"81",Sep 1993,6.926,78198,521.32,464.735491749822,110.7805,575.515991749822,-54.1959917498224,"Rent"
"82",Oct 1993,6.834,78172,521.146666666667,460.25517302479,110.743666666667,570.998839691456,-49.8521730247897,"Rent"
"83",Nov 1993,7.096,78170,521.133333333333,472.604906047006,110.740833333333,583.34573938034,-62.2124060470063,"Rent"
"84",Dec 1993,7.195,78113,520.753333333333,476.961718936859,110.660083333333,587.621802270192,-66.8684689368587,"Rent"
"85",Jan 1994,7.074,78198,521.32,471.730794381511,110.7805,582.511294381511,-61.1912943815113,"Rent"
"86",Feb 1994,7.116,78204,521.36,473.759871919938,110.789,584.548871919938,-63.1888719199383,"Rent"
"87",Mar 1994,7.604,78349,522.326666666667,498.076115314101,110.994416666667,609.070531980767,-86.7438653141006,"Rent"
"88",Apr 1994,8.316,78701,524.673333333334,535.418922535928,111.493083333333,646.912005869262,-122.238672535928,"Rent"
"89",May 1994,8.542,79208,528.053333333333,550.260214667683,112.211333333333,662.471548001016,-134.418214667683,"Rent"
"90",Jun 1994,8.424,79701,531.34,547.68966422507,112.90975,660.59941422507,-129.259414225069,"Rent"
"91",Jul 1994,8.614,80063,533.753333333333,559.885774277422,113.422583333333,673.308357610755,-139.555024277422,"Rent"
"92",Aug 1994,8.524,80317,535.446666666667,557.04138422396,113.782416666667,670.823800890627,-135.37713422396,"Rent"
"93",Sep 1994,8.62666666666667,80340,535.6,562.474390993787,113.815,676.289390993787,-140.689390993787,"Rent"
"94",Oct 1994,8.904,80304,535.36,576.544421812127,113.764,690.308421812127,-154.948421812127,"Rent"
"95",Nov 1994,9.142,80170,534.466666666667,587.946576267112,113.574166666667,701.520742933779,-167.054076267112,"Rent"
"96",Dec 1994,9.20666666666667,80079,533.86,590.649415916607,113.44525,704.094665916607,-170.234665916607,"Rent"
"97",Jan 1995,9.154,80027,533.513333333333,587.522379882542,113.371583333333,700.893963215875,-167.380629882542,"Rent"
"98",Feb 1995,8.888,79992,533.28,573.478115004536,113.322,686.800115004536,-153.520115004536,"Rent"
"99",Mar 1995,8.50666666666667,80078,533.853333333333,554.498032791345,113.443833333333,667.941866124678,-134.088532791345,"Rent"
"100",Apr 1995,8.332,80369,535.793333333333,547.582244488782,113.856083333333,661.438327822115,-125.644994488782,"Rent"
"101",May 1995,8.016,80691,537.94,533.684016031859,114.31225,647.996266031859,-110.056266031859,"Rent"
"102",Jun 1995,7.61333333333333,81068,540.453333333333,515.829370535298,114.846333333333,630.675703868632,-90.2223705352983,"Rent"
"103",Jul 1995,7.592,81412,542.746666666667,516.943802967585,115.333666666667,632.277469634252,-89.5308029675851,"Rent"
"104",Aug 1995,7.846,81655,544.366666666667,531.371358588599,115.677916666667,647.049275255266,-102.682608588599,"Rent"
"105",Sep 1995,7.636,81739,544.926666666667,521.245963141644,115.796916666667,637.042879808311,-92.116213141644,"Rent"
"106",Oct 1995,7.504,81727,544.846666666667,514.503818144012,115.779916666667,630.283734810679,-85.4370681440122,"Rent"
"107",Nov 1995,7.392,81631,544.206666666667,508.276010721144,115.643916666667,623.919927387811,-79.7132607211445,"Rent"
"108",Dec 1995,7.2,81514,543.426666666667,497.976678958778,115.478166666667,613.454845625445,-70.0281789587781,"Rent"
"109",Jan 1996,7.046,81427,542.846666666667,489.828378519891,115.354916666667,605.183295186558,-62.3366285198911,"Rent"
"110",Feb 1996,7.06,81400,542.666666666667,490.356243611817,115.316666666667,605.672910278484,-63.0062436118175,"Rent"
"111",Mar 1996,7.624,81665,544.433333333333,520.16722667049,115.692083333333,635.859310003824,-91.4259766704905,"Rent"
"112",Apr 1996,7.878,82125,547.5,536.070830857192,116.34375,652.414580857192,-104.914580857192,"Rent"
"113",May 1996,8.045,82602,550.68,547.827722190283,117.0195,664.847222190283,-114.167222190283,"Rent"
"114",Jun 1996,8.262,83049,553.66,562.158137009857,117.65275,679.810887009857,-126.150887009857,"Rent"
"115",Jul 1996,8.254,83419,556.126666666667,564.240313436242,118.176916666667,682.417230102909,-126.290563436242,"Rent"
"116",Aug 1996,8.03333333333333,83645,557.633333333333,554.131957520694,118.497083333333,672.629040854028,-114.995707520694,"Rent"
"117",Sep 1996,8.202,83702,558.013333333333,563.40263725343,118.577833333333,681.980470586764,-123.96713725343,"Rent"
"118",Oct 1996,7.964,83629,557.526666666667,550.388246758365,118.474416666667,668.862663425032,-111.335996758365,"Rent"
"119",Nov 1996,7.618,83556,557.04,531.901652950278,118.371,650.272652950278,-93.2326529502778,"Rent"
"120",Dec 1996,7.582,83490,556.6,529.622342262811,118.2775,647.899842262811,-91.2998422628111,"Rent"
"121",Jan 1997,7.79333333333333,83530,556.866666666667,540.83013721404,118.334166666667,659.164303880707,-102.29763721404,"Rent"
"122",Feb 1997,7.696,83597,557.313333333333,536.204407095114,118.429083333333,654.633490428447,-97.3201570951137,"Rent"
"123",Mar 1997,7.848,83911,559.406666666667,546.157052328715,118.873916666667,665.030968995382,-105.624302328715,"Rent"
"124",Apr 1997,8.108,84321,562.14,562.570008270005,119.45475,682.024758270005,-119.884758270005,"Rent"
"125",May 1997,7.96666666666667,84864,565.76,558.657978101062,120.224,678.881978101062,-113.121978101062,"Rent"
"126",Jun 1997,7.74,85398,569.32,550.090535307919,120.9805,671.071035307919,-101.751035307919,"Rent"
"127",Jul 1997,7.514,85841,572.273333333333,540.932272384593,121.608083333333,662.540355717927,-90.2670223845931,"Rent"
"128",Aug 1997,7.48,86150,574.333333333333,541.074520106992,122.045833333333,663.120353440325,-88.787020106992,"Rent"
"129",Sep 1997,7.46,86311,575.406666666667,541.023060439194,122.273916666667,663.29697710586,-87.8903104391936,"Rent"
"130",Oct 1997,7.29166666666667,86408,576.053333333333,532.7089739219,122.411333333333,655.120307255234,-79.0669739219005,"Rent"
"131",Nov 1997,7.206,86632,577.546666666667,529.559746212601,122.728666666667,652.288412879267,-74.7417462126007,"Rent"
"132",Dec 1997,7.11,86848,578.986666666667,525.808836708313,123.034666666667,648.843503374979,-69.8568367083127,"Rent"
"133",Jan 1998,6.99333333333333,87163,581.086666666667,521.556669484127,123.480916666667,645.037586150794,-63.9509194841269,"Rent"
"134",Feb 1998,7.058,87373,582.486666666667,526.231916042242,123.778416666667,650.010332708908,-67.5236660422419,"Rent"
"135",Mar 1998,7.12,87877,585.846666666667,532.572380031466,124.492416666667,657.064796698132,-71.2181300314655,"Rent"
"136",Apr 1998,7.128,88558,590.386666666667,537.129881759297,125.457166666667,662.587048425963,-72.2003817592966,"Rent"
"137",May 1998,7.144,89374,595.826666666667,542.948198871706,126.613166666667,669.561365538373,-73.7346988717061,"Rent"
"138",Jun 1998,7.012,90195,601.3,540.71699160202,127.77625,668.49324160202,-67.1932416020202,"Rent"
"139",Jul 1998,6.95333333333333,90859,605.726666666667,541.478027162249,128.716916666667,670.194943828916,-64.4682771622489,"Rent"
"140",Aug 1998,6.932,91407,609.38,543.567930676351,129.49325,673.061180676351,-63.6811806763513,"Rent"
"141",Sep 1998,6.762,91752,611.68,536.250406479449,129.982,666.232406479449,-54.5524064794487,"Rent"
"142",Oct 1998,6.69833333333333,91999,613.326666666667,534.192823856429,130.331916666667,664.524740523096,-51.1980738564292,"Rent"
"143",Nov 1998,6.858,92197,614.646666666667,544.15957239894,130.612416666667,674.771989065606,-60.1253223989398,"Rent"
"144",Dec 1998,6.745,92443,616.286666666667,539.348693414565,130.960916666667,670.309610081232,-54.0229434145648,"Rent"
"145",Jan 1999,6.794,92714,618.093333333333,543.64987552457,131.344833333333,674.994708857904,-56.9013755245704,"Rent"
"146",Feb 1999,6.794,92981,619.873333333333,545.215491470005,131.723083333333,676.938574803339,-57.0652414700053,"Rent"
"147",Mar 1999,7.01,93611,624.073333333333,561.082620492372,132.615583333333,693.698203825705,-69.6248704923718,"Rent"
"148",Apr 1999,6.92666666666667,94436,629.573333333333,561.276857988736,133.784333333333,695.061191322069,-65.4878579887358,"Rent"
"149",May 1999,7.102,95360,635.733333333333,576.880454312858,135.093333333333,711.973787646191,-76.2404543128579,"Rent"
"150",Jun 1999,7.486,96363,642.42,605.574478086017,136.51425,742.088728086017,-99.668728086017,"Rent"
"151",Jul 1999,7.63166666666667,97192,647.946666666667,619.528217560418,137.688666666667,757.216884227085,-109.270217560418,"Rent"
"152",Aug 1999,7.894,97897,652.646666666667,640.001403777401,138.687416666667,778.688820444067,-126.042153777401,"Rent"
"153",Sep 1999,7.818,98399,655.993333333333,638.614706481668,139.398583333333,778.013289815001,-122.019956481668,"Rent"
"154",Oct 1999,7.852,98832,658.88,643.521088804015,140.012,783.533088804015,-124.653088804015,"Rent"
"155",Nov 1999,7.782,99149,660.993333333333,641.258389668101,140.461083333333,781.719473001435,-120.726139668101,"Rent"
"156",Dec 1999,7.885,99543,663.62,650.202187841858,141.01925,791.221437841858,-127.601437841858,"Rent"
"157",Jan 2000,8.18,1e+05,666.666666666667,671.716104177978,141.666666666667,813.382770844644,-146.716104177978,"Rent"
"158",Feb 2000,8.31,100571,670.473333333333,683.822401287239,142.475583333333,826.297984620572,-155.824651287239,"Rent"
"159",Mar 2000,8.25166666666667,101466,676.44,686.159155639179,143.7435,829.902655639179,-153.462655639178,"Rent"
"160",Apr 2000,8.168,102540,683.6,688.001117471697,145.265,833.266117471697,-149.666117471697,"Rent"
"161",May 2000,8.438,103702,691.346666666667,713.543836256474,146.911166666667,860.455002923141,-169.108336256474,"Rent"
"162",Jun 2000,8.34333333333333,104855,699.033333333333,715.168013266033,148.544583333333,863.712596599366,-164.679263266033,"Rent"
"163",Jul 2000,8.162,105721,704.806666666667,708.944102771654,149.771416666667,858.71551943832,-153.908852771654,"Rent"
"164",Aug 2000,8.048,106522,710.146666666667,706.669239875938,150.906166666667,857.575406542604,-147.428739875938,"Rent"
"165",Sep 2000,7.912,107135,714.233333333333,701.600660637091,151.774583333333,853.375243970424,-139.141910637091,"Rent"
"166",Oct 2000,7.812,107728,718.186666666667,698.757481701294,152.614666666667,851.37214836796,-133.185481701294,"Rent"
"167",Nov 2000,7.732,108291,721.94,697.017086403515,153.41225,850.429336403515,-128.489336403515,"Rent"
"168",Dec 2000,7.382,108791,725.273333333333,676.720336320094,154.120583333333,830.840919653427,-105.567586320094,"Rent"
"169",Jan 2001,7.052,109214,728.093333333333,657.379389570571,154.719833333333,812.099222903904,-84.0058895705707,"Rent"
"170",Feb 2001,7.07,109642,730.946666666667,661.151417314526,155.326166666667,816.477583981192,-85.5309173145257,"Rent"
"171",Mar 2001,6.98,110394,735.96,659.674647553537,156.3915,816.066147553537,-80.1061475535369,"Rent"
"172",Apr 2001,7.044,111248,741.653333333333,669.083435784659,157.601333333333,826.684769117993,-85.0314357846594,"Rent"
"173",May 2001,7.14,112203,748.02,681.361847143248,158.95425,840.316097143248,-92.2960971432485,"Rent"
"174",Jun 2001,7.16,113272,755.146666666667,689.23096828604,160.468666666667,849.699634952706,-94.5529682860397,"Rent"
"175",Jul 2001,7.124,114226,761.506666666667,692.536161610834,161.820166666667,854.3563282775,-92.8496616108336,"Rent"
"176",Aug 2001,6.96333333333333,114988,766.586666666667,685.969674708137,162.899666666667,848.869341374804,-82.2826747081371,"Rent"
"177",Sep 2001,6.838,115465,769.766666666667,680.103370142803,163.575416666667,843.67878680947,-73.9121201428031,"Rent"
"178",Oct 2001,6.638,115681,771.206666666667,667.541487237624,163.881416666667,831.422903904291,-60.2162372376246,"Rent"
"179",Nov 2001,6.655,115839,772.26,669.626197349631,164.10525,833.731447349631,-61.4714473496305,"Rent"
"180",Dec 2001,7.056,116056,773.706666666667,698.843864462844,164.412666666667,863.256531129511,-89.5498644628445,"Rent"
"181",Jan 2002,7.03,116437,776.246666666667,699.305081026034,164.952416666667,864.2574976927,-88.0108310260335,"Rent"
"182",Feb 2002,6.8925,116916,779.44,692.480257756555,165.631,858.111257756555,-78.6712577565546,"Rent"
"183",Mar 2002,7.014,117929,786.193333333333,707.124332378536,167.066083333333,874.19041571187,-87.9970823785363,"Rent"
"184",Apr 2002,7.024,119208,794.72,715.514544550577,168.878,884.392544550577,-89.6725445505767,"Rent"
"185",May 2002,6.81833333333333,120788,805.253333333333,710.03072751241,171.116333333333,881.147060845744,-75.8937275124104,"Rent"
"186",Jun 2002,6.672,122333,815.553333333333,708.405440940125,173.305083333333,881.710524273459,-66.1571909401255,"Rent"
"187",Jul 2002,6.498,123687,824.58,703.460967870384,175.22325,878.684217870384,-54.1042178703843,"Rent"
"188",Aug 2002,6.29833333333333,124729,831.526666666667,694.712760845965,176.699416666667,871.412177512632,-39.8855108459655,"Rent"
"189",Sep 2002,6.118,125494,836.626666666667,685.752106884802,177.783166666667,863.535273551469,-26.9086068848021,"Rent"
"190",Oct 2002,6.088,126136,840.906666666667,687.060141897287,178.692666666667,865.752808563954,-24.8461418972873,"Rent"
"191",Nov 2002,6.068,126642,844.28,688.345387597956,179.4095,867.754887597956,-23.4748875979557,"Rent"
"192",Dec 2002,6.064,127151,847.673333333334,690.8167852972,180.130583333333,870.947368630534,-23.2740352972,"Rent"
"193",Jan 2003,5.91833333333333,127652,851.013333333333,682.783892603029,180.840333333333,863.624225936362,-12.6108926030291,"Rent"
"194",Feb 2003,5.854,128326,855.506666666667,681.637771216449,181.795166666667,863.432937883115,-7.92627121644853,"Rent"
"195",Mar 2003,5.754,129308,862.053333333333,679.441499359554,183.186333333333,862.627832692887,-0.574499359554011,"Rent"
"196",Apr 2003,5.832,130488,869.92,691.473090430658,184.858,876.331090430658,-6.41109043065808,"Rent"
"197",May 2003,5.535,131839,878.926666666667,676.318521092439,186.771916666667,863.090437759106,15.8362289075609,"Own"
"198",Jun 2003,5.246,133225,888.166666666667,661.809015092944,188.735416666667,850.544431759611,37.6222349070556,"Own"
"199",Jul 2003,5.554,134647,897.646666666667,692.171077099708,190.749916666667,882.920993766375,14.7256729002922,"Own"
"200",Aug 2003,6.264,135965,906.433333333333,754.558464209027,192.617083333333,947.175547542361,-40.7422142090273,"Rent"
"201",Sep 2003,6.182,137076,913.84,754.152790738062,194.191,948.343790738062,-34.5037907380615,"Rent"
"202",Oct 2003,5.95666666666667,137976,919.84,741.056191500865,195.466,936.522191500865,-16.6821915008654,"Rent"
"203",Nov 2003,5.934,138765,925.1,743.47855061608,196.58375,940.06230061608,-14.96230061608,"Rent"
"204",Dec 2003,5.87833333333333,139628,930.853333333333,743.624849495566,197.806333333333,941.4311828289,-10.5778494955664,"Rent"
"205",Jan 2004,5.74,140706,938.04,738.205550481965,199.3335,937.539050481965,0.500949518035554,"Own"
"206",Feb 2004,5.644,142029,946.86,737.373241216038,201.20775,938.580991216038,8.2790087839619,"Own"
"207",Mar 2004,5.472,144080,960.533333333333,733.986943712819,204.113333333333,938.100277046152,22.4330562871809,"Own"
"208",Apr 2004,5.83,146180,974.533333333333,774.45925318444,207.088333333333,981.547586517774,-7.01425318444035,"Rent"
"209",May 2004,6.218,148334,988.893333333333,819.209726543113,210.139833333333,1029.34955987645,-40.4562265431128,"Rent"
"210",Jun 2004,6.294,150518,1003.45333333333,837.969165075467,213.233833333333,1051.2029984088,-47.7496650754674,"Rent"
"211",Jul 2004,6.056,152337,1015.58,826.946238650095,215.81075,1042.7569886501,-27.1769886500953,"Rent"
"212",Aug 2004,5.91,153813,1025.42,821.974956557402,217.90175,1039.8767065574,-14.4567065574022,"Rent"
"213",Sep 2004,5.765,155107,1034.04666666667,815.976806225915,219.734916666667,1035.71172289258,-1.66505622591535,"Rent"
"214",Oct 2004,5.722,156298,1041.98666666667,818.401030612482,221.422166666667,1039.82319727915,2.16346938751849,"Own"
"215",Nov 2004,5.712,157496,1049.97333333333,823.774939437069,223.119333333333,1046.8942727704,3.07906056293064,"Own"
"216",Dec 2004,5.74666666666667,158669,1057.79333333333,833.051929323082,224.781083333333,1057.83301265642,-0.0396793230818275,"Rent"
"217",Jan 2005,5.73,160129,1067.52666666667,839.192305215989,226.849416666667,1066.04172188266,1.48494478401108,"Own"
"218",Feb 2005,5.634,161923,1079.48666666667,839.736372135805,229.390916666667,1069.12728880247,10.3593778641948,"Own"
"219",Mar 2005,5.88833333333333,164575,1097.16666666667,877.43353717526,233.147916666667,1110.58145384193,-13.41478717526,"Rent"
"220",Apr 2005,5.892,166999,1113.32666666667,890.709591358297,236.581916666667,1127.29150802496,-13.9648413582968,"Rent"
"221",May 2005,5.732,169544,1130.29333333333,888.727434754461,240.187333333333,1128.91476808779,1.37856524553877,"Own"
"222",Jun 2005,5.59333333333333,172015,1146.76666666667,888.101059418174,243.687916666667,1131.78897608484,14.9776905818255,"Own"
"223",Jul 2005,5.662,174098,1160.65333333333,905.649319402771,246.638833333333,1152.2881527361,8.3651805972288,"Own"
"224",Aug 2005,5.81,175923,1172.82,930.018700887233,249.22425,1179.24295088723,-6.4229508872329,"Rent"
"225",Sep 2005,5.774,177610,1184.06666666667,935.273906946636,251.614166666667,1186.8880736133,-2.82140694663599,"Rent"
"226",Oct 2005,6.034,178751,1191.67333333333,968.051738607193,253.230583333333,1221.28232194053,-29.6089886071927,"Rent"
"227",Nov 2005,6.294,179673,1197.82,1000.28191841909,254.53675,1254.81866841909,-56.9986684190892,"Rent"
"228",Dec 2005,6.272,180106,1200.70666666667,1000.36974206642,255.150166666667,1255.51990873309,-54.8132420664226,"Rent"
"229",Jan 2006,6.16,180827,1205.51333333333,992.537985698088,256.171583333333,1248.70956903142,-43.196235698088,"Rent"
"230",Feb 2006,6.226,181499,1209.99333333333,1003.22014721968,257.123583333333,1260.34373055301,-50.3503972196788,"Rent"
"231",Mar 2006,6.31333333333333,182749,1218.32666666667,1019.47985617834,258.894416666667,1278.37427284501,-60.0476061783399,"Rent"
"232",Apr 2006,6.476,183648,1224.32,1042.09485522085,260.168,1302.26285522085,-77.9428552208485,"Rent"
"233",May 2006,6.594,184380,1229.2,1059.14566943949,261.205,1320.35066943949,-91.1506694394882,"Rent"
"234",Jun 2006,6.682,184547,1230.31333333333,1069.77467691096,261.441583333333,1331.21626024429,-100.902926910959,"Rent"
"235",Jul 2006,6.766,184607,1230.71333333333,1079.38939062412,261.526583333333,1340.91597395745,-110.202640624116,"Rent"
"236",Aug 2006,6.55666666666667,184404,1229.36,1055.19541689379,261.239,1316.43441689379,-87.0744168937877,"Rent"
"237",Sep 2006,6.41,184197,1227.98,1038.0325028972,260.94575,1298.9782528972,-70.9982528972041,"Rent"
"238",Oct 2006,6.348,184053,1227.02,1030.50270463602,260.74175,1291.24445463602,-64.2244546360175,"Rent"
"239",Nov 2006,6.26666666666667,183630,1224.2,1019.36946763524,260.1425,1279.51196763524,-55.3119676352405,"Rent"
"240",Dec 2006,6.136,183228,1221.52,1003.15471422191,259.573,1262.72771422191,-41.2077142219064,"Rent"
"241",Jan 2007,6.21,182718,1218.12,1008.24930327982,258.8505,1267.09980327982,-48.9798032798228,"Rent"
"242",Feb 2007,6.285,182470,1216.46666666667,1014.89048990522,258.499166666667,1273.38965657189,-56.9229899052211,"Rent"
"243",Mar 2007,6.156,182193,1214.62,999.611002005165,258.10675,1257.71775200517,-43.0977520051654,"Rent"
"244",Apr 2007,6.176,182131,1214.20666666667,1001.39487242166,258.018916666667,1259.41378908833,-45.2071224216647,"Rent"
"245",May 2007,6.245,181884,1212.56,1007.36970206904,257.669,1265.03870206905,-52.4787020690449,"Rent"
"246",Jun 2007,6.61,181540,1210.26666666667,1044.55849745632,257.181666666667,1301.74016412299,-91.4734974563191,"Rent"
"247",Jul 2007,6.69,180993,1206.62,1050.03688963245,256.40675,1306.44363963245,-99.8236396324546,"Rent"
"248",Aug 2007,6.59166666666667,180234,1201.56,1035.07962227868,255.3315,1290.41112227868,-88.851122278684,"Rent"
"249",Sep 2007,6.396,179121,1194.14,1007.94901612668,253.75475,1261.70376612668,-67.5637661266844,"Rent"
"250",Oct 2007,6.384,177529,1183.52666666667,997.735682699591,251.499416666667,1249.23509936626,-65.7084326995907,"Rent"
"251",Nov 2007,6.208,175161,1167.74,966.344629383737,248.14475,1214.48937938374,-46.7493793837377,"Rent"
"252",Dec 2007,6.096,173337,1155.58,944.968833170257,245.56075,1190.52958317026,-34.9495831702566,"Rent"
"253",Jan 2008,5.82666666666667,171076,1140.50666666667,906.030578361964,242.357666666667,1148.38824502863,-7.8815783619641,"Rent"
"254",Feb 2008,5.87,169190,1127.93333333333,900.253932447642,239.685833333333,1139.93976578097,-12.0064324476416,"Rent"
"255",Mar 2008,6.024,167902,1119.34666666667,908.324569474228,237.861166666667,1146.18573614089,-26.8390694742279,"Rent"
"256",Apr 2008,5.904,167322,1115.48,893.588552795634,237.0395,1130.62805279563,-15.1480527956337,"Rent"
"257",May 2008,6.036,167020,1113.46666666667,904.71442387447,236.611666666667,1141.32609054114,-27.8594238744699,"Rent"
"258",Jun 2008,6.272,166536,1110.24,924.997364689537,235.926,1160.92336468954,-50.683364689537,"Rent"
"259",Jul 2008,6.43,165713,1104.75333333333,935.821682090977,234.760083333333,1170.58176542431,-65.8284320909765,"Rent"
"260",Aug 2008,6.486,164277,1095.18,933.147299329895,232.72575,1165.87304932989,-70.6930493298946,"Rent"
"261",Sep 2008,6.11,161912,1079.41333333333,884.001918609803,229.375333333333,1113.37725194314,-33.9639186098029,"Rent"
"262",Oct 2008,6.18166666666667,159162,1061.08,875.632662155162,225.4795,1101.11216215516,-40.0321621551616,"Rent"
"263",Nov 2008,6.162,156071,1040.47333333333,856.837204193256,221.100583333333,1077.93778752659,-37.4644541932557,"Rent"
"264",Dec 2008,5.4,152544,1016.96,770.92337803463,216.104,987.027378034629,29.9326219653705,"Own"
"265",Jan 2009,5.058,149361,995.74,726.394412047477,211.59475,937.989162047477,57.7508379525233,"Own"
"266",Feb 2009,5.124,147617,984.113333333334,723.29805762156,209.124083333333,932.422140954893,51.6911923784402,"Own"
"267",Mar 2009,5.016,146514,976.76,709.156931377176,207.5615,916.718431377176,60.0415686228239,"Own"
"268",Apr 2009,4.81666666666667,146942,979.613333333333,695.191296432339,208.167833333333,903.359129765672,76.2542035676609,"Own"
"269",May 2009,4.842,148169,987.793333333333,703.041639339371,209.906083333333,912.947722672704,74.8456106606291,"Own"
"270",Jun 2009,5.318,149796,998.64,750.149426852934,212.211,962.360426852934,36.279573147066,"Own"
"271",Jul 2009,5.255,150748,1004.98666666667,749.612653581172,213.559666666667,963.172320247839,41.8143464188279,"Own"
"272",Aug 2009,5.204,150668,1004.45333333333,744.936049319523,213.446333333333,958.382382652857,46.0709506804768,"Own"
"273",Sep 2009,5.074,149627,997.513333333333,729.009594295115,211.971583333333,940.981177628448,56.5321557048853,"Own"
"274",Oct 2009,4.952,148584,990.56,713.950150253026,210.494,924.444150253026,66.1158497469743,"Own"
"275",Nov 2009,4.906,147939,986.26,707.122271359678,209.58025,916.702521359678,69.5574786403217,"Own"
"276",Dec 2009,4.905,146664,977.76,700.947741833112,207.774,908.721741833112,69.0382581668883,"Own"
"277",Jan 2010,5.052,145003,966.686666666667,704.719970010172,205.420916666667,910.140886676839,56.545779989828,"Own"
"278",Feb 2010,4.988,143054,953.693333333333,690.206404426538,202.659833333333,892.866237759871,60.8270955734619,"Own"
"279",Mar 2010,4.984,143596,957.306666666667,692.505749611581,203.427666666667,895.933416278248,61.3732503884191,"Own"
"280",Apr 2010,5.098,145404,969.36,710.362805361817,205.989,916.351805361817,53.0081946381829,"Own"
"281",May 2010,4.922,147040,980.266666666667,704.113183421945,208.306666666667,912.419850088612,67.8468165780548,"Own"
"282",Jun 2010,4.746,147705,984.7,693.128806574155,209.24875,902.377556574155,82.3224434258447,"Own"
"283",Jul 2010,4.564,147566,983.773333333333,677.985521582466,209.051833333333,887.037354915799,96.7359784175343,"Own"
"284",Aug 2010,4.45,146430,976.2,663.835842972275,207.4425,871.278342972275,104.921657027725,"Own"
"285",Sep 2010,4.34833333333333,144611,964.073333333333,647.773804217989,204.865583333333,852.639387551323,111.433945782011,"Own"
"286",Oct 2010,4.244,143130,954.2,633.249813023794,202.7675,836.017313023794,118.182686976206,"Own"
"287",Nov 2010,4.286,141819,945.46,630.590734068188,200.91025,831.500984068188,113.959015931812,"Own"
"288",Dec 2010,4.66166666666667,140628,937.52,653.502042271039,199.223,852.725042271039,84.7949577289611,"Own"
"289",Jan 2011,4.776,139036,926.906666666667,654.712297972515,196.967666666667,851.679964639182,75.2267020274847,"Own"
"290",Feb 2011,4.922,137732,918.213333333333,659.541056712945,195.120333333333,854.661390046278,63.5519432870555,"Own"
"291",Mar 2011,4.855,137785,918.566666666667,654.748043501067,195.195416666667,849.943460167734,68.6232064989326,"Own"
"292",Apr 2011,4.844,139158,927.72,660.437445806194,197.1405,857.577945806194,70.1420541938058,"Own"
"293",May 2011,4.666,140693,937.953333333333,654.133221146959,199.315083333333,853.448304480292,84.5050288530413,"Own"
"294",Jun 2011,4.525,141945,946.3,649.192061201108,201.08875,850.280811201108,96.0191887988922,"Own"
"295",Jul 2011,4.538,142343,948.953333333333,652.003699591316,201.652583333333,853.656282924649,95.2970504086841,"Own"
"296",Aug 2011,4.326,141786,945.24,633.442276275656,200.8635,834.305776275656,110.934223724344,"Own"
"297",Sep 2011,4.106,140169,934.46,610.004057092324,198.57275,808.576807092324,125.883192907676,"Own"
"298",Oct 2011,4.056,138410,922.733333333333,598.740152255428,196.080833333333,794.820985588761,127.912347744572,"Own"
"299",Nov 2011,4.014,136666,911.106666666667,588.211132396973,193.610166666667,781.82129906364,129.285367603027,"Own"
"300",Dec 2011,3.958,135167,901.113333333333,577.835420939928,191.486583333333,769.322004273262,131.791329060072,"Own"
"301",Jan 2012,3.922,134168,894.453333333333,571.068002840269,190.071333333333,761.139336173602,133.313997159731,"Own"
"302",Feb 2012,3.908,133997,893.313333333333,569.371982071036,189.829083333333,759.201065404369,134.112267928964,"Own"
"303",Mar 2012,3.954,135865,905.766666666667,580.538148099391,192.475416666667,773.013564766057,132.753101900609,"Own"
"304",Apr 2012,3.926,138471,923.14,589.669164210778,196.16725,785.836414210778,137.303585789222,"Own"
"305",May 2012,3.81166666666667,141048,940.32,592.344571010344,199.818,792.162571010344,148.157428989656,"Own"
"306",Jun 2012,3.69,143169,954.46,592.355735708762,202.82275,795.178485708762,159.281514291238,"Own"
"307",Jul 2012,3.572,144283,961.886666666667,588.337140375751,204.400916666667,792.738057042418,169.148609624249,"Own"
"308",Aug 2012,3.58333333333333,144706,964.706666666667,590.890164100484,205.000166666667,795.89033076715,168.816335899517,"Own"
"309",Sep 2012,3.516,144357,962.38,584.565687914095,204.50575,789.071437914095,173.308562085905,"Own"
"310",Oct 2012,3.386,143967,959.78,573.614626528792,203.95325,777.567876528792,182.212123471208,"Own"
"311",Nov 2012,3.352,143959,959.726666666667,571.145316338352,203.941916666667,775.087233005019,184.639433661648,"Own"
"312",Dec 2012,3.34,143866,959.106666666667,569.917972265613,203.810166666667,773.72813893228,185.378527734387,"Own"
"313",Jan 2013,3.40333333333333,144310,962.066666666667,576.229067612714,204.439166666667,780.66823427938,181.398432387286,"Own"
"314",Feb 2013,3.532,145161,967.74,588.990142732988,205.64475,794.634892732988,173.105107267012,"Own"
"315",Mar 2013,3.554,147960,986.4,601.987089857526,209.61,811.597089857526,174.802910142475,"Own"
"316",Apr 2013,3.47,150968,1006.45333333333,607.849343429079,213.871333333333,821.720676762412,184.732656570921,"Own"
"317",May 2013,3.51333333333333,153859,1025.72666666667,622.837184567713,217.966916666667,840.80410123438,184.922565432287,"Own"
"318",Jun 2013,4.018,156427,1042.84666666667,673.587552777913,221.604916666667,895.19246944458,147.654197222088,"Own"
"319",Jul 2013,4.388,158286,1055.24,712.361539823365,224.2385,936.600039823365,118.639960176635,"Own"
"320",Aug 2013,4.456,159394,1062.62666666667,723.117753318215,225.808166666667,948.925919984882,113.700746681785,"Own"
"321",Sep 2013,4.494,159672,1064.48,727.618883852958,226.202,953.820883852958,110.659116147042,"Own"
"322",Oct 2013,4.21333333333333,159556,1063.70666666667,703.348583564864,226.037666666667,929.386250231531,134.320416435136,"Own"
"323",Nov 2013,4.224,159364,1062.42666666667,703.396163702478,225.765666666667,929.161830369144,133.264836297522,"Own"
"324",Dec 2013,4.424,159281,1061.87333333333,719.889006323263,225.648083333333,945.537089656596,116.336243676737,"Own"
"325",Jan 2014,4.44,159368,1062.45333333333,721.640367117238,225.771333333333,947.411700450572,115.041632882762,"Own"
"326",Feb 2014,4.306,159871,1065.80666666667,712.547345883709,226.483916666667,939.031262550376,126.775404116291,"Own"
"327",Mar 2014,4.348,161188,1074.58666666667,722.000718955962,228.349666666667,950.350385622629,124.236281044038,"Own"
"328",Apr 2014,4.35,162968,1086.45333333333,730.146530118459,230.871333333333,961.017863451792,125.435469881541,"Own"
"329",May 2014,4.192,164683,1097.88666666667,724.103451734898,233.300916666667,957.404368401564,140.482298265102,"Own"
"330",Jun 2014,4.154,166212,1108.08,727.51406836512,235.467,962.981068365121,145.09893163488,"Own"
"331",Jul 2014,4.13166666666667,167136,1114.24,729.604505084451,236.776,966.380505084451,147.859494915549,"Own"
"332",Aug 2014,4.116,167451,1116.34,729.607930512073,237.22225,966.830180512073,149.509819487927,"Own"
"333",Sep 2014,4.15,167241,1114.94,731.667652254728,236.92475,968.592402254728,146.347597745272,"Own"
"334",Oct 2014,4.06333333333333,166910,1112.73333333333,722.664173552686,236.455833333333,959.120006886019,153.613326447314,"Own"
"335",Nov 2014,3.994,166657,1111.04666666667,715.562673990298,236.097416666667,951.660090656964,159.386576009702,"Own"
"336",Dec 2014,3.88166666666667,166459,1109.72666666667,705.048155490404,235.816916666667,940.865072157071,168.861594509596,"Own"
"337",Jan 2015,3.71,166249,1108.32666666667,689.54082808203,235.519416666667,925.060244748697,183.26642191797,"Own"
"338",Feb 2015,3.7,166630,1110.86666666667,690.272583680434,236.059166666667,926.331750347101,184.534916319565,"Own"
"339",Mar 2015,3.776,168088,1120.58666666667,702.831312243712,238.124666666667,940.955978910379,179.630687756288,"Own"
"340",Apr 2015,3.675,169969,1133.12666666667,701.943263454999,240.789416666667,942.732680121666,190.393986545001,"Own"
"341",May 2015,3.808,171850,1145.66666666667,721.37748055798,243.454166666667,964.831647224646,180.835019442021,"Own"
"342",Jun 2015,3.96,173450,1156.33333333333,741.673785195699,245.720833333333,987.394618529032,168.938714804301,"Own"
"343",Jul 2015,4.04166666666667,174496,1163.30666666667,753.540903198869,247.202666666667,1000.74356986554,162.563096801131,"Own"
"344",Aug 2015,3.92,174938,1166.25333333333,744.419371572434,247.828833333333,992.248204905768,174.005128427566,"Own"
"345",Sep 2015,3.88,175044,1166.96,741.260251511201,247.979,989.239251511201,177.720748488799,"Own"
"346",Oct 2015,3.796,175049,1166.99333333333,733.729623570531,247.986083333333,981.715706903864,185.277626429469,"Own"
"347",Nov 2015,3.906,175141,1167.60666666667,744.017899565978,248.116416666667,992.134316232645,175.472350434022,"Own"
"348",Dec 2015,3.96166666666667,175114,1167.42666666667,748.940126820443,248.078166666667,997.018293487109,170.408373179558,"Own"
"349",Jan 2016,3.9,175034,1166.89333333333,743.021752239993,247.964833333333,990.986585573327,175.906747760007,"Own"
"350",Feb 2016,3.686,175279,1168.52666666667,724.852894209988,248.311916666667,973.164810876654,195.361855790012,"Own"
"351",Mar 2016,3.68166666666667,176600,1177.33333333333,729.926643706405,250.183333333333,980.109977039739,197.223356293595,"Own"
"352",Apr 2016,3.626,178494,1189.96,732.712210481811,252.8665,985.578710481811,204.381289518189,"Own"
"353",May 2016,3.612,180343,1202.28666666667,739.023841259316,255.485916666667,994.509757925983,207.776908740684,"Own"
"354",Jun 2016,3.58,181914,1212.76,742.51842315654,257.7115,1000.22992315654,212.53007684346,"Own"
"355",Jul 2016,3.448,183016,1220.10666666667,734.868408725828,259.272666666667,994.141075392494,225.965591274173,"Own"
"356",Aug 2016,3.444,183654,1224.36,737.062452818418,260.1765,997.238952818418,227.121047181583,"Own"
"357",Sep 2016,3.46,183944,1226.29333333333,739.70016042959,260.587333333333,1000.28749376292,226.00583957041,"Own"
"358",Oct 2016,3.46,184018,1226.78666666667,739.997739105012,260.692166666667,1000.68990577168,226.096760894988,"Own"
"359",Nov 2016,3.71,184231,1228.20666666667,764.123671711592,260.993916666667,1025.11758837826,203.089078288408,"Own"
"360",Dec 2016,4.198,184403,1229.35333333333,811.392385840415,261.237583333333,1072.62996917375,156.723364159585,"Own"
"361",Jan 2017,4.184,184654,1231.02666666667,811.139592787094,261.593166666667,1072.73275945376,158.293907212906,"Own"
"362",Feb 2017,4.172,185020,1233.46666666667,811.582626543169,262.111666666667,1073.69429320984,159.772373456831,"Own"
"363",Mar 2017,4.19,186529,1243.52666666667,819.963435162528,264.249416666667,1084.2128518292,159.313814837472,"Own"
"364",Apr 2017,4.064,188543,1256.95333333333,816.393266108888,267.102583333333,1083.49584944222,173.457483891112,"Own"
"365",May 2017,4.014,190540,1270.26666666667,820.085091880345,269.931666666667,1090.01675854701,180.249908119655,"Own"
"366",Jun 2017,3.904,192267,1281.78,816.572666011498,272.37825,1088.9509160115,192.829083988502,"Own"
"367",Jul 2017,3.95,193512,1290.08,826.45784632074,274.142,1100.59984632074,189.48015367926,"Own"
"368",Aug 2017,3.88666666666667,194347,1295.64666666667,823.67016805473,275.324916666667,1098.9950847214,196.65158194527,"Own"
"369",Sep 2017,3.808,194818,1298.78666666667,817.790619769243,275.992166666667,1093.78278643591,205.003880230757,"Own"
"370",Oct 2017,3.882,195085,1300.56666666667,826.328971440334,276.370416666667,1102.699388107,197.867278559666,"Own"
"371",Nov 2017,3.925,195452,1303.01333333333,832.217867044414,276.890333333333,1109.10820037775,193.905132955586,"Own"
"372",Dec 2017,3.94,195848,1305.65333333333,835.421832962652,277.451333333333,1112.87316629598,192.780167037348,"Own"
"373",Jan 2018,4.024,196114,1307.42666666667,845.094380801084,277.828166666667,1122.92254746775,184.504119198916,"Own"
"374",Feb 2018,4.33,196901,1312.67333333333,880.090641697824,278.943083333333,1159.03372503116,153.639608302175,"Own"
"375",Mar 2018,4.444,198570,1323.8,899.575758943974,281.3075,1180.88325894397,142.916741056026,"Own"
"376",Apr 2018,4.462,200615,1337.43333333333,910.765912301678,284.204583333333,1194.97049563501,142.462837698323,"Own"
"377",May 2018,4.585,202453,1349.68666666667,932.444826834942,286.808416666667,1219.25324350161,130.433423165058,"Own"
"378",Jun 2018,4.568,204043,1360.28666666667,937.904755418567,289.060916666667,1226.96567208523,133.320994581433,"Own"
"379",Jul 2018,4.532,204950,1366.33333333333,938.116826881214,290.345833333333,1228.46266021455,137.870673118786,"Own"
"380",Aug 2018,4.54833333333333,205327,1368.84666666667,941.640072575044,290.879916666667,1232.51998924171,136.326677424956,"Own"
"381",Sep 2018,4.606,205373,1369.15333333333,948.212700587097,290.945083333333,1239.15778392043,129.995549412903,"Own"
"382",Oct 2018,4.808,205368,1369.12,970.639240588476,290.938,1261.57724058848,107.542759411524,"Own"
"383",Nov 2018,4.866,205105,1367.36666666667,975.88112138044,290.565416666667,1266.44653804711,100.92012861956,"Own"
"384",Dec 2018,4.672,204697,1364.64666666667,952.374442403816,289.987416666667,1242.36185907048,122.284807596184,"Own"
"385",Jan 2019,4.47833333333333,204203,1361.35333333333,928.835448841091,289.287583333333,1218.12303217442,143.230301158909,"Own"
"386",Feb 2019,4.388,204432,1362.88,920.040270833618,289.612,1209.65227083362,153.227729166382,"Own"
"387",Mar 2019,4.282,205781,1371.87333333333,914.559826665428,291.523083333333,1206.08290999876,165.790423334572,"Own"
"388",Apr 2019,4.126,207694,1384.62666666667,906.038178642969,294.233166666667,1200.27134530964,184.355321357032,"Own"
"389",May 2019,4.09333333333333,209358,1395.72,909.724461574742,296.5905,1206.31496157474,189.405038425258,"Own"
"390",Jun 2019,3.84,210593,1403.95333333333,887.467532027447,298.340083333333,1185.80761536078,218.145717972552,"Own"
"391",Jul 2019,3.758,211344,1408.96,881.75399376864,299.404,1181.15799376864,227.80200623136,"Own"
"392",Aug 2019,3.616,211703,1411.35333333333,867.961985122572,299.912583333333,1167.87456845591,243.478764877428,"Own"
"393",Sep 2019,3.6,211881,1412.54,866.976403059536,300.16475,1167.14115305954,245.398846940464,"Own"
"394",Oct 2019,3.68,211974,1413.16,875.955550282668,300.2965,1176.25205028267,236.907949717332,"Own"
"395",Nov 2019,3.712,212112,1414.08,879.980096079388,300.492,1180.47209607939,233.607903920612,"Own"
"396",Dec 2019,3.712,212243,1414.95333333333,880.523570246745,300.677583333333,1181.20115358008,233.752179753255,"Own"
"397",Jan 2020,3.64333333333333,212404,1416.02666666667,873.777846732413,300.905666666667,1174.68351339908,241.343153267587,"Own"
"398",Feb 2020,3.474,213224,1421.49333333333,858.941200427017,302.067333333333,1161.00853376035,260.484799572983,"Own"
"399",Mar 2020,3.45,215200,1434.66666666667,864.313065648277,304.866666666667,1169.17973231494,265.486934351723,"Own"
"400",Apr 2020,3.33833333333333,217245,1448.3,860.425272562332,307.76375,1168.18902256233,280.110977437668,"Own"
"401",May 2020,3.232,218493,1456.62,853.864359412336,309.53175,1163.39610941234,293.223890587664,"Own"
"402",Jun 2020,3.16,219820,1465.46666666667,851.261541046972,311.411666666667,1162.67320771364,302.793458953028,"Own"
"403",Jul 2020,3.035,221578,1477.18666666667,844.532610220422,313.902166666667,1158.43477688709,318.751889779578,"Own"
"404",Aug 2020,2.946,224059,1493.72666666667,844.316031208449,317.416916666667,1161.73294787512,331.993718791551,"Own"
"405",Sep 2020,2.894,226812,1512.08,848.997878522864,321.317,1170.31487852286,341.765121477136,"Own"
"406",Oct 2020,2.834,229824,1532.16,853.643953329645,325.584,1179.22795332964,352.932046670355,"Own"
"407",Nov 2020,2.774,232330,1548.86666666667,856.280521167757,329.134166666667,1185.41468783442,363.451978832243,"Own"
"408",Dec 2020,2.69,234381,1562.54,854.466567823885,332.03975,1186.50631782388,376.033682176115,"Own"
"409",Jan 2021,2.722,236456,1576.37333333333,865.626712930034,334.979333333333,1200.60604626337,375.767287069966,"Own"
"410",Feb 2021,2.794,239238,1594.92,884.027439720946,338.9205,1222.94793972095,371.972060279054,"Own"
"411",Mar 2021,3.06,244234,1628.22666666667,933.858451376521,345.998166666667,1279.85661804319,348.370048623479,"Own"
"412",Apr 2021,3.06,249841,1665.60666666667,955.297498916454,353.941416666667,1309.23891558312,356.367751083546,"Own"
"413",May 2021,2.966,255465,1703.1,965.134742460958,361.90875,1327.04349246096,376.056507539042,"Own"
"414",Jun 2021,2.97,261188,1741.25333333333,987.261927474459,370.016333333333,1357.27826080779,383.975072525541,"Own"
"415",Jul 2021,2.868,265524,1770.16,990.581271985438,376.159,1366.74027198544,403.419728014562,"Own"
"416",Aug 2021,2.834,268800,1792,998.413980502508,380.8,1379.21398050251,412.786019497492,"Own"
"417",Sep 2021,2.895,271455,1809.7,1016.23538316806,384.56125,1400.79663316806,408.903366831942,"Own"
"418",Oct 2021,3.056,273667,1824.44666666667,1045.86558358024,387.694916666667,1433.5605002469,390.886166419765,"Own"
"419",Nov 2021,3.082,276038,1840.25333333333,1058.42746360252,391.053833333333,1449.48129693586,390.772036397476,"Own"
"420",Dec 2021,3.09833333333333,278615,1857.43333333333,1070.53158652853,394.704583333333,1465.23616986186,392.19716347147,"Own"
"421",Jan 2022,3.378,281990,1879.93333333333,1122.42188673728,399.485833333333,1521.90772007062,358.025613262717,"Own"
"422",Feb 2022,3.72,287224,1914.82666666667,1192.76496943025,406.900666666667,1599.66563609692,315.161030569747,"Own"
"423",Mar 2022,4.125,295044,1966.96,1286.93696107627,417.979,1704.91596107627,262.044038923731,"Own"
"424",Apr 2022,4.92,301696,2011.30666666667,1444.36575232735,427.402666666667,1871.76841899401,139.538247672653,"Own"
"425",May 2022,5.204,306473,2043.15333333333,1515.2705673607,434.170083333333,1949.44065069404,93.7126826392982,"Own"
"426",Jun 2022,5.45166666666667,308268,2055.12,1566.87751679702,436.713,2003.59051679702,51.5294832029781,"Own"
"427",Jul 2022,5.47,307105,2047.36666666667,1564.13910937529,435.065416666667,1999.20452604195,48.1621406247145,"Own"
"428",Aug 2022,5.238,303659,2024.39333333333,1507.10399392959,430.183583333333,1937.28757726292,87.1057560704094,"Own"
"429",Sep 2022,6.112,300478,2003.18666666667,1640.88963368231,425.677166666667,2066.56680034898,-63.3801336823133,"Rent"
"430",Oct 2022,6.86,298704,1991.36,1763.35175596658,423.164,2186.51575596658,-195.155755966582,"Rent"
"431",Nov 2022,6.86,296898,1979.32,1752.69032099659,420.6055,2173.29582099659,-193.975820996592,"Rent"
"432",Dec 2022,6.364,294390,1962.6,1651.04382461319,417.0525,2068.09632461319,-105.496324613187,"Rent"
"433",Jan 2023,6.302,292820,1952.13333333333,1631.5721007838,414.828333333333,2046.40043411714,-94.2671007838028,"Rent"
"434",Feb 2023,6.232,293435,1956.23333333333,1622.96636288065,415.699583333333,2038.66594621398,-82.4326128806456,"Rent"
"435",Mar 2023,6.53666666666667,297305,1982.03333333333,1697.71025889511,421.182083333333,2118.89234222844,-136.859008895111,"Rent"
"436",Apr 2023,6.338,301481,2009.87333333333,1686.20356952795,427.098083333333,2113.30165286128,-103.428319527949,"Rent"
"437",May 2023,6.426,305358,2035.72,1723.71034842948,432.5905,2156.30084842948,-120.580848429482,"Rent"
"438",Jun 2023,6.714,308280,2055.2,1792.91398500544,436.73,2229.64398500544,-174.443985005444,"Rent"
"439",Jul 2023,6.814,310149,2067.66,1822.34935284528,439.37775,2261.72710284528,-194.067102845281,"Rent"
"440",Aug 2023,7.02833333333333,311522,2076.81333333333,1870.64535838751,441.322833333333,2311.96819172084,-235.154858387511,"Rent"
"441",Sep 2023,7.196,312431,2082.87333333333,1907.90896643234,442.610583333333,2350.51954976567,-267.646216432335,"Rent"
"442",Oct 2023,7.558,312708,2084.72,1979.03924157318,443.003,2422.04224157318,-337.322241573178,"Rent"
"443",Nov 2023,7.5,312146,2080.97333333333,1964.31310788043,442.206833333333,2406.51994121377,-325.546607880435,"Rent"
"444",Dec 2023,6.815,312146,2080.97333333333,1834.27041494143,442.206833333333,2276.47724827476,-195.503914941431,"Rent"
"445",Jan 2024,6.6425,312146,2080.97333333333,1802.0864752996,442.206833333333,2244.29330863293,-163.3199752996,"Rent"
"446",Feb 2024,6.68,312146,2080.97333333333,1809.06306532324,442.206833333333,2251.26989865658,-170.296565323244,"Rent"
